{"cameraMode":{"drawMode":0,"name":"Shaded","section":"Shading Mode"},"sceneLighting":true,"audioPlay":false,"sceneViewState":{"showFog":true,"showMaterialUpdate":false,"showSkybox":true,"showFlares":true,"showImageEffects":true,"showParticleSystems":true},"in2DMode":false,"pivot":{"x":22.316381454467775,"y":11.318647384643555,"z":-7.908595085144043},"rotation":{"x":0.14754027128219605,"y":-0.5495378971099854,"z":0.09932554513216019,"w":0.8163206577301025},"size":10.0,"orthographic":false}