{"cameraMode":{"drawMode":0,"name":"Shaded","section":"Shading Mode"},"sceneLighting":true,"audioPlay":false,"sceneViewState":{"showFog":true,"showMaterialUpdate":false,"showSkybox":true,"showFlares":true,"showImageEffects":true,"showParticleSystems":true},"in2DMode":false,"pivot":{"x":25.76091766357422,"y":7.210640907287598,"z":142.4976043701172},"rotation":{"x":-0.025166772305965425,"y":0.8580548167228699,"z":0.0422419011592865,"w":0.5112010836601257},"size":10.0,"orthographic":false}