{"cameraMode":{"drawMode":0,"name":"Shaded","section":"Shading Mode"},"sceneLighting":true,"audioPlay":false,"sceneViewState":{"showFog":true,"showMaterialUpdate":false,"showSkybox":true,"showFlares":true,"showImageEffects":true,"showParticleSystems":true},"in2DMode":false,"pivot":{"x":-3.6335158348083498,"y":6.416051864624023,"z":0.13125228881835938},"rotation":{"x":0.2826020121574402,"y":-0.008938516490161419,"z":0.002618643920868635,"w":0.9592537879943848},"size":5.933838367462158,"orthographic":false}