{"cameraMode":{"drawMode":0,"name":"Shaded","section":"Shading Mode"},"sceneLighting":true,"audioPlay":false,"sceneViewState":{"showFog":true,"showMaterialUpdate":false,"showSkybox":true,"showFlares":true,"showImageEffects":true,"showParticleSystems":true},"in2DMode":false,"pivot":{"x":-0.8781970143318176,"y":4.707828521728516,"z":3.420397996902466},"rotation":{"x":0.013807987794280053,"y":-0.004506505560129881,"z":0.0002904458960983902,"w":0.9999726414680481},"size":10.920249938964844,"orthographic":false}