{"cameraMode":{"drawMode":0,"name":"Shaded","section":"Shading Mode"},"sceneLighting":true,"audioPlay":false,"sceneViewState":{"showFog":true,"showMaterialUpdate":false,"showSkybox":true,"showFlares":true,"showImageEffects":true,"showParticleSystems":true},"in2DMode":false,"pivot":{"x":-0.803836464881897,"y":5.501526355743408,"z":1.1979668140411378},"rotation":{"x":0.03748888894915581,"y":-0.019801221787929536,"z":0.0007484968518838286,"w":0.9991928935050964},"size":5.933838367462158,"orthographic":false}