{"cameraMode":{"drawMode":0,"name":"Shaded","section":"Shading Mode"},"sceneLighting":true,"audioPlay":false,"sceneViewState":{"showFog":true,"showMaterialUpdate":false,"showSkybox":true,"showFlares":true,"showImageEffects":true,"showParticleSystems":true},"in2DMode":false,"pivot":{"x":2.9476430416107179,"y":10.974931716918946,"z":-11.00451946258545},"rotation":{"x":0.04349304735660553,"y":0.00018839161202777177,"z":0.000014756883501831908,"w":0.9991735816001892},"size":9.172479629516602,"orthographic":false}