{"cameraMode":{"drawMode":0,"name":"Shaded","section":"Shading Mode"},"sceneLighting":true,"audioPlay":false,"sceneViewState":{"showFog":true,"showMaterialUpdate":false,"showSkybox":true,"showFlares":true,"showImageEffects":true,"showParticleSystems":true},"in2DMode":false,"pivot":{"x":-0.19685021042823792,"y":2.5414228439331056,"z":9.407328605651856},"rotation":{"x":0.17343495786190034,"y":-0.007357332389801741,"z":0.0015220703789964319,"w":0.9848994612693787},"size":10.920249938964844,"orthographic":false}